<?xml version="1.0" encoding="UTF-8"?>
<suite xmlns:xsi="http://www.w3.org/2001/XMLSchema-instance"
 xsi:noNamespaceSchemaLocation="Testng.xsd" parallel="false" name="Suite">
  <test name="Test">
    <classes>
      <class name="TestPage.FindPageTest"/>
      <class name="TestPage.IndexPage"/>
      <class name="TestPage.allPageTest"/>
      <class name="TestPage.CustomerPageTest"/>
      <class name="TestPage.AddressPageTest"/>
      <class name="TestPage.ElectronicsPageJava"/>   
      <class name="TestPage.HeaderTestPage1"/>      
      <class name="TestPage.SignInPageTest"/>  
     
   </classes>
  </test> <!-- Test -->
</suite> <!-- Suite -->